ID,Danceability,Energy,Key,Loudness,Mode,Speechiness,Instrumentalness,Liveness,Valence,Tempo,Duration(ms),Time Signature,Popularity

[pop]
1zv3WFUbZ5vPxFq9I2jAU1, 0.734, 0.766, 1, -4.485, 1, 0.0383, 0.00138, 0.108, 0.6, 127.986, 215227, 4, 54
4Z1t1aMRif8ES212kTN8H2, 0.501, 0.648, 9, -7.173, 1, 0.0696, 1.26e-05, 0.153, 0.191, 163.834, 225200, 4, 65
722tgOgdIbNe3BEyLnejw4, 0.775, 0.823, 1, -6.091, 1, 0.271, 0, 0.144, 0.273, 130.041, 188013, 4, 77
1mKXFLRA179hdOWQBwUk9e, 0.778, 0.547, 2, -7.273, 1, 0.0489, 0.000302, 0.132, 0.441, 95.002, 242733, 4, 78
1rqqCSm0Qe4I9rUvWncaom, 0.579, 0.904, 5, -2.729, 1, 0.0618, 0, 0.064, 0.681, 82.014, 190947, 4, 95
6cpk00i5TxCqSeqNi2HuIe, 0.716, 0.821, 5, -3.435, 0, 0.0314, 0, 0.0844, 0.618, 92.997, 219547, 4, 72
0CokSRCu5hZgPxcZBaEzVE, 0.731, 0.794, 0, -5.126, 0, 0.0522, 2.59e-05, 0.112, 0.356, 139.994, 220454, 4, 81
0lYBSQXN6rCTvUZvg9S0lU, 0.652, 0.713, 8, -5.311, 1, 0.0368, 1.02e-05, 0.144, 0.152, 100.023, 205947, 4, 83
6yIdwnpDHufLWgQcveTPMk, 0.735, 0.451, 0, -8.374, 1, 0.0585, 1.3e-05, 0.325, 0.0862, 117.973, 245200, 4, 79
5GXAXm5YOmYT0kL5jHvYBt, 0.773, 0.819, 0, -5.946, 0, 0.118, 0, 0.0679, 0.585, 92.99, 269187, 4, 71
5wUUWVRvrciJqFitZF8R0P, 0.643, 0.541, 2, -5.801, 1, 0.0426, 0, 0.102, 0.165, 119.501, 311197, 4, 69
2dpaYNEQHiRxtZbfNsse99, 0.687, 0.792, 5, -2.749, 1, 0.0452, 0, 0.167, 0.671, 100.015, 214290, 4, 97
0prNGof3XqfTvNDxHonvdK, 0.573, 0.739, 0, -5.74, 1, 0.129, 0, 0.111, 0.451, 97.085, 230227, 4, 76
4QeoDcR16IHpmmgFGQDrCp, 0.72, 0.727, 5, -3.882, 1, 0.0489, 0, 0.138, 0.481, 99.994, 223190, 4, 69
0B1QTVABE86QcHjXdPfeej, 0.61, 0.803, 1, -4.523, 1, 0.035, 2.92e-05, 0.0386, 0.438, 89.997, 191027, 4, 26
4L2K7JKseFCBoHMZEAszW0, 0.435, 0.155, 1, -8.948, 1, 0.046, 0, 0.107, 0.0935, 128.532, 287693, 3, 81
7py16W5fWYLFFS6BElKAjn, 0.605, 0.77, 5, -3.645, 0, 0.0446, 0, 0.159, 0.298, 130.037, 225915, 4, 71
7GX5flRQZVHRAGd6B4TmDO, 0.732, 0.75, 11, -6.366, 0, 0.231, 0, 0.109, 0.401, 155.096, 182707, 4, 87
2tpWsVSb9UEmDRxAl1zhX1, 0.664, 0.705, 1, -4.972, 0, 0.0382, 0, 0.118, 0.477, 122.016, 257267, 4, 80
6fujklziTHa8uoM5OQSfIo, 0.794, 0.632, 0, -6.163, 1, 0.0649, 0, 0.128, 0.355, 145.926, 291893, 4, 78
2jB9QaPJyVdz2Q0Va8rrnU, 0.606, 0.887, 9, -4.782, 0, 0.052, 3.47e-06, 0.0958, 0.349, 97.972, 191787, 4, 67
14hJ5tc1VCFMWhVn9axRTC, 0.667, 0.614, 10, -4.995, 1, 0.0314, 0, 0.111, 0.161, 113.979, 214533, 4, 67
6hmhG1b4LEyNuashVvuIAo, 0.583, 0.732, 11, -5.728, 0, 0.0457, 9.86e-06, 0.269, 0.276, 145.992, 213428, 4, 80
4q6dqyGM25sKFU8nYAGRe4, 0.711, 0.508, 7, -7.299, 1, 0.0494, 0, 0.141, 0.665, 98.098, 217800, 4, 72
7tr2za8SQg2CI8EDgrdtNl, 0.736, 0.795, 1, -3.299, 0, 0.0545, 1.21e-06, 0.254, 0.511, 104.066, 230813, 4, 71
2mj7x99sNUsVHPBRK51zlG, 0.599, 0.396, 10, -10.489, 0, 0.0392, 2.19e-05, 0.102, 0.134, 111.072, 246327, 4, 70
5o4yGlG0PfeVUa6ClIyOxq, 0.867, 0.545, 2, -5.192, 1, 0.0625, 0.000289, 0.0505, 0.525, 139.943, 162586, 4, 73
6B7op3kK1kFQp4Ck1UZtK5, 0.607, 0.718, 4, -4.095, 1, 0.0978, 0, 0.403, 0.551, 101.821, 213307, 4, 39
2ANLarE8yHVsLWW21nj79M, 0.843, 0.359, 0, -7.417, 1, 0.461, 0, 0.12, 0.156, 81.987, 163944, 4, 75
3u1S1OmAUhx5DRlLrXqyp3, 0.69, 0.784, 1, -4.653, 1, 0.032, 0, 0.203, 0.669, 106.066, 194408, 4, 86
6I9VzXrHxO9rA9A5euc8Ak, 0.774, 0.838, 5, -3.914, 0, 0.114, 0.025, 0.242, 0.924, 143.04, 198800, 4, 80
0jdny0dhgjUwoIp5GkqEaA, 0.576, 0.39, 10, -7.202, 1, 0.0297, 0, 0.111, 0.319, 73.433, 230267, 4, 77
2of5xn0GU0TdFneR1saRLH, 0.461, 0.812, 10, -5.776, 0, 0.241, 0.000375, 0.21, 0.72, 159.869, 193902, 4, 55
57kR5SniQIbsbVoIjjOUDa, 0.426, 0.722, 5, -5.369, 0, 0.196, 1.27e-06, 0.262, 0.25, 196.133, 247267, 4, 74
7Ezwtgfw7khBrpvaNPtMoT, 0.414, 0.807, 10, -4.12, 0, 0.348, 0, 0.822, 0.409, 175.158, 191901, 4, 59
4RXpgGM7A4Hg7cFBoH5KyF, 0.537, 0.777, 7, -4.829, 0, 0.0473, 6.12e-05, 0.0838, 0.427, 124.943, 255093, 4, 79
7wMq5n8mYSKlQIGECKUgTX, 0.421, 0.873, 10, -4.343, 1, 0.0565, 0, 0.123, 0.63, 84.803, 202533, 4, 80
2OtCtGugQwH066hxpaRNwU, 0.774, 0.739, 0, -4.022, 1, 0.0952, 5.95e-06, 0.119, 0.823, 126.002, 246240, 4, 50
13mWClHbl5ZqRhnWlFiJQ9, 0.459, 0.741, 4, -6.43, 0, 0.0495, 0, 0.481, 0.344, 189.879, 231013, 4, 46
6WAxKNbZoGNzQTIvdMqkFs, 0.619, 0.539, 1, -5.688, 0, 0.0409, 0, 0.106, 0.39, 112.006, 206400, 4, 65
4WiiRw2PHMNQE0ad6y6GdD, 0.614, 0.938, 11, -4.461, 1, 0.0611, 0, 0.368, 0.607, 100.058, 224674, 4, 70
3bvjsHQd792zIO4SKFxXKs, 0.485, 0.91, 9, -2.096, 1, 0.0977, 0, 0.138, 0.649, 124.18, 205027, 4, 61
46ydq5g3k17iLJs3qMDvO6, 0.675, 0.609, 7, -5.027, 0, 0.0586, 0, 0.0957, 0.378, 120.039, 208729, 4, 73
152lZdxL1OR0ZMW6KquMif, 0.736, 0.449, 1, -11.462, 0, 0.425, 0.000162, 0.0898, 0.326, 80.126, 219080, 4, 85
67WTwafOMgegV6ABnBQxcE, 0.672, 0.738, 0, -7.045, 1, 0.0506, 6.75e-05, 0.0927, 0.392, 107.938, 277040, 4, 71
02M6vucOvmRfMxTXDUwRXu, 0.747, 0.705, 9, -5.137, 0, 0.126, 0, 0.126, 0.56, 136.024, 213507, 4, 76
7KXjTSCq5nL1LoYtL7XAwS, 0.908, 0.621, 1, -6.638, 0, 0.102, 5.39e-05, 0.0958, 0.421, 150.011, 177000, 4, 86
0yqCB9ZjqXWncbcK0Erb8g, 0.513, 0.63, 3, -6.333, 1, 0.0859, 0, 0.171, 0.297, 148.139, 178307, 4, 44
6wNeKPXF0RDKyvfKfri5hf, 0.725, 0.708, 5, -5.331, 0, 0.0756, 0, 0.777, 0.555, 130.029, 231853, 4, 70
1rIKgCH4H52lrvDcz50hS8, 0.694, 0.712, 7, -3.923, 0, 0.046, 0, 0.211, 0.799, 98.022, 201122, 4, 80
4pdgV8qr9Oytcv6thCdiIZ, 0.848, 0.663, 8, -5.606, 0, 0.245, 0, 0.108, 0.333, 133.993, 255413, 4, 61
2bJvI42r8EF3wxjOuDav4r, 0.72, 0.802, 1, -5.797, 1, 0.0582, 0, 0.694, 0.723, 124.043, 229360, 4, 78
3QWjljChcOMkRDYSzF33Qr, 0.87, 0.502, 5, -7.497, 0, 0.0549, 0.00356, 0.0916, 0.673, 82.53, 160597, 4, 63
4scpF6J5uMBvoh6sFB7EL1, 0.888, 0.483, 6, -7.797, 1, 0.154, 4.85e-06, 0.0926, 0.226, 125.008, 200080, 4, 76
6vsV4D8BM6PioRr1UOx0n2, 0.697, 0.552, 1, -10.271, 0, 0.196, 0.127, 0.147, 0.278, 75.235, 180567, 4, 86
6Knv6wdA0luoMUuuoYi2i1, 0.688, 0.702, 7, -4.792, 0, 0.0499, 0, 0.128, 0.74, 94.006, 192191, 4, 78
4cluDES4hQEUhmXj6TXkSo, 0.726, 0.787, 4, -2.494, 1, 0.0738, 0, 0.0596, 0.888, 124.989, 199987, 4, 72
6TaqooOXAEcijL6G1AWS2K, 0.689, 0.521, 0, -5.845, 1, 0.132, 8.41e-05, 0.108, 0.178, 95.055, 229747, 4, 76
6oO10y1h2VyxJQfomG4CtH, 0.558, 0.451, 9, -6.163, 1, 0.0388, 0, 0.101, 0.238, 150.008, 265382, 4, 70
2fQxE0jVrjNMT9oJAXtSJR, 0.758, 0.554, 7, -4.567, 1, 0.0341, 0, 0.0418, 0.783, 126.986, 231840, 4, 69
4178A5NkEjcsGc64jpBO6d, 0.866, 0.859, 1, -3.087, 0, 0.0587, 0, 0.401, 0.923, 109.972, 200347, 4, 79
0e7ipj03S05BNilyu5bRzt, 0.587, 0.535, 5, -6.09, 0, 0.0898, 6.56e-05, 0.131, 0.14, 159.847, 218147, 4, 92
58q2HKrzhC3ozto2nDdN4z, 0.816, 0.726, 5, -3.998, 0, 0.129, 0, 0.372, 0.65, 136.048, 253390, 4, 90
1FY8gDAydm8CfGYp7Lv9ce, 0.648, 0.616, 6, -7.82, 1, 0.0606, 0, 0.161, 0.275, 105.985, 202347, 4, 67
3xKsf9qdS1CyvXSMEid6g8, 0.544, 0.552, 9, -7.45, 1, 0.0991, 4.57e-05, 0.415, 0.554, 159.738, 184516, 3, 78
2yJ9GVCLMmzBBfQAnfzlwr, 0.927, 0.535, 6, -7.59, 0, 0.0911, 0, 0.136, 0.336, 112.96, 313573, 4, 71
39jXnbACjiaiTwwhsr5sY5, 0.509, 0.538, 0, -6.456, 1, 0.0397, 0, 0.13, 0.178, 153.711, 223044, 4, 78
2y4lAQpi5VTNLu2ldeTdUH, 0.613, 0.622, 1, -5.794, 0, 0.0334, 0, 0.37, 0.484, 80.003, 231240, 4, 80
4lnAN2S1fcI0SjxEbksZVr, 0.707, 0.611, 2, -4.474, 1, 0.0639, 3.59e-06, 0.0651, 0.285, 123.006, 186113, 4, 75
33zcmmElV1YbRZe57biUjg, 0.746, 0.703, 4, -4.179, 0, 0.107, 0, 0.331, 0.667, 166.043, 179693, 4, 80
4ZJPwET9Jrgpkqi4Vo3Yg8, 0.656, 0.615, 5, -6.252, 1, 0.0539, 0, 0.234, 0.366, 139.91, 197253, 4, 71
05mAIVLkIWc2d1UBYZBCp8, 0.739, 0.742, 7, -4.586, 1, 0.0329, 1.39e-06, 0.229, 0.659, 124.016, 189000, 4, 83
3DXncPQOG4VBw3QHh3S817, 0.609, 0.668, 7, -4.284, 1, 0.0367, 0, 0.167, 0.811, 80.924, 288600, 4, 79
6YZdkObH88npeKrrkb8Ggf, 0.724, 0.904, 8, -3.354, 0, 0.0966, 0, 0.226, 0.846, 90.999, 200813, 4, 74
0qvzXomUDJVaUboy2wMfiS, 0.678, 0.401, 6, -8.408, 0, 0.0312, 0, 0.118, 0.194, 111.855, 232852, 4, 76
5jrdCoLpJSvHHorevXBATy, 0.645, 0.585, 6, -6.122, 1, 0.0513, 0, 0.165, 0.353, 131.931, 215672, 4, 78
5W4vPDfwFNQqt7frRjL41t, 0.709, 0.698, 1, -5.181, 1, 0.0788, 0, 0.272, 0.754, 143.949, 182947, 4, 64
2RttW7RAu5nOAfq6YFvApB, 0.522, 0.385, 0, -7.355, 1, 0.0288, 0, 0.135, 0.236, 89.792, 207520, 4, 87
5Ck3e6z1bcSCes5gdo0Ddt, 0.633, 0.576, 6, -7.837, 1, 0.0522, 3.37e-05, 0.127, 0.296, 119.799, 256080, 4, 66
5kRPPEWFJIMox5qIkQkiz5, 0.427, 0.262, 7, -8.541, 1, 0.0276, 0, 0.068, 0.228, 104.085, 224867, 4, 76
2eAZfqOm4EnOF9VvN50Tyc, 0.703, 0.757, 1, -3.612, 1, 0.05, 0, 0.106, 0.696, 82.008, 221747, 4, 81
2s0Dn2mtvp94wUkyaB8nJc, 0.765, 0.621, 0, -3.827, 0, 0.025, 0, 0.0369, 0.798, 102.065, 212267, 4, 61
3u0qM9FSgL3zXi1Vn75b0i, 0.781, 0.853, 1, -3.68, 0, 0.0715, 0, 0.12, 0.624, 110.049, 250189, 4, 25
2cOUlop2ZakjOKe4WinesN, 0.726, 0.431, 0, -6.666, 1, 0.0554, 0, 0.054, 0.86, 85.889, 188174, 4, 80
2fUZ3aMp8amSaV0mp8s6rQ, 0.711, 0.882, 0, -4.276, 1, 0.0576, 0, 0.226, 0.56, 106.017, 167038, 4, 69
0wwPcA6wtMf6HUMpIRdeP7, 0.903, 0.621, 2, -8.132, 1, 0.0578, 0.000186, 0.0504, 0.553, 134.969, 267067, 4, 79
7oGZAicScQt96OAW4AruYy, 0.775, 0.68, 0, -5.508, 0, 0.0629, 0, 0.109, 0.656, 114.025, 207719, 4, 77
6875MeXyCW0wLyT72Eetmo, 0.668, 0.613, 4, -4.225, 1, 0.102, 0, 0.102, 0.498, 99.852, 181933, 4, 48
3E2Zh20GDCR9B1EYjfXWyv, 0.673, 0.637, 5, -4.518, 1, 0.0429, 0, 0.184, 0.678, 123.98, 201160, 4, 56
4EAV2cKiqKP5UPZmY6dejk, 0.67, 0.752, 1, -4.146, 1, 0.0374, 0, 0.0749, 0.442, 149.961, 204747, 4, 84
5uQOauh47VFt3B2kV9kRXw, 0.812, 0.621, 5, -8.3, 1, 0.0515, 0, 0.099, 0.847, 77.998, 128157, 4, 74
27PmvZoffODNFW2p7ehZTQ, 0.464, 0.771, 8, -4.503, 1, 0.336, 0, 0.063, 0.69, 158.777, 198237, 4, 71
1CnPYaKxTVb4LWOtiGOm0m, 0.617, 0.567, 0, -4.188, 1, 0.0828, 0, 0.0933, 0.505, 90.246, 217603, 4, 76
77UjLW8j5UAGAGVGhR5oUK, 0.735, 0.677, 2, -4.979, 1, 0.093, 2.17e-05, 0.111, 0.188, 100.584, 211440, 4, 81
7MRY4VpCuZvBmFda6ZCk2G, 0.479, 0.727, 4, -5.369, 1, 0.0357, 1.97e-05, 0.0644, 0.0577, 180.09, 253249, 4, 35
10Igtw8bSDyyFs7KIsKngZ, 0.755, 0.599, 8, -5.042, 1, 0.224, 0, 0.109, 0.755, 133.123, 216632, 4, 82
6fwdbPMwP1zVStm8FybmkO, 0.835, 0.413, 1, -9.81, 1, 0.396, 0.00133, 0.101, 0.111, 149.004, 258880, 4, 77
3y9cCbnBn0zjkJa2YkOj70, 0.803, 0.585, 0, -5.39, 1, 0.087, 2.87e-05, 0.201, 0.241, 146.02, 254080, 4, 63
4dVpf9jZjcORqGTLUaeYj9, 0.797, 0.844, 11, -5.482, 1, 0.275, 0, 0.087, 0.52, 170.142, 173600, 4, 81
4zIO3ilp5HvTeK3HJHxhMP, 0.448, 0.612, 2, -6.106, 1, 0.0708, 0, 0.08, 0.213, 97.773, 189467, 4, 49

[Rock]
46ydq5g3k17iLJs3qMDvO6, 0.675, 0.609, 7, -5.027, 0, 0.0586, 0, 0.0957, 0.378, 120.039, 208729, 4, 73
2eAZfqOm4EnOF9VvN50Tyc, 0.703, 0.757, 1, -3.612, 1, 0.05, 0, 0.106, 0.696, 82.008, 221747, 4, 81
0CokSRCu5hZgPxcZBaEzVE, 0.731, 0.794, 0, -5.126, 0, 0.0522, 2.59e-05, 0.112, 0.356, 139.994, 220454, 4, 81
4fwbGKNExPtPHbor1TBSY4, 0.397, 0.725, 7, -4.862, 1, 0.043, 0, 0.208, 0.358, 128.861, 228879, 4, 73
1KhljCoJ2TgDEldnnfTHHc, 0.762, 0.576, 1, -4.951, 0, 0.0829, 0, 0.0866, 0.316, 142.096, 221178, 4, 58
3mkJigBxWd5DJUsRuwHG3f, 0.661, 0.909, 11, -2.323, 0, 0.0494, 0, 0.305, 0.643, 125.021, 158493, 4, 55
4NYwy0R3NdvORX2B6OZXBT, 0.733, 0.408, 7, -7.834, 0, 0.0388, 3.92e-05, 0.11, 0.291, 94.947, 197854, 4, 73
7EOYLyD4pP4YJVgoVeKUQ1, 0.707, 0.924, 7, -2.842, 1, 0.031, 0.00703, 0.204, 0.919, 127.937, 206413, 4, 41
6vECYJHxYmm3Ydt3fF01pE, 0.887, 0.584, 11, -8.798, 1, 0.0381, 0.000314, 0.101, 0.677, 114.016, 313684, 4, 73
1ZY1PqizIl78geGM4xWlEA, 0.8, 0.535, 7, -6.684, 1, 0.135, 9.48e-06, 0.213, 0.451, 92.027, 209680, 4, 72
2bJvI42r8EF3wxjOuDav4r, 0.72, 0.802, 1, -5.797, 1, 0.0582, 0, 0.694, 0.723, 124.043, 229360, 4, 78
7ATATJztoWLcqDAcVVof0C, 0.635, 0.902, 0, -3.559, 1, 0.109, 0, 0.125, 0.286, 102.063, 217822, 4, 58
3rq5w4bQGigXOfdN30ATJt, 0.55, 0.537, 5, -7.588, 1, 0.0325, 0.00025, 0.202, 0.432, 85.014, 272394, 4, 63
6SwRhMLwNqEi6alNPVG00n, 0.658, 0.535, 9, -8.983, 0, 0.0573, 0, 0.2, 0.419, 110.684, 227360, 4, 76
2Za1AlJNvksouPPWbXpR2X, 0.712, 0.51, 8, -8.162, 1, 0.0633, 2.46e-05, 0.112, 0.268, 122.964, 240507, 4, 76
4tERsdVCLtLtrGdFBf9DGC, 0.715, 0.742, 0, -4.331, 1, 0.0347, 2.47e-05, 0.364, 0.322, 106.971, 230880, 4, 73
4r6eNCsrZnQWJzzvFh4nlg, 0.638, 0.832, 8, -5.039, 1, 0.049, 0, 0.113, 0.648, 124.071, 227893, 4, 62
000xQL6tZNLJzIrtIgxqSl, 0.748, 0.627, 7, -6.029, 1, 0.0644, 0, 0.0852, 0.524, 120.963, 188491, 4, 70
6fwdbPMwP1zVStm8FybmkO, 0.835, 0.413, 1, -9.81, 1, 0.396, 0.00133, 0.101, 0.111, 149.004, 258880, 4, 77
6mDoM5FGbr1Or5nY9pTnLy, 0.635, 0.496, 0, -7.301, 1, 0.0936, 0, 0.121, 0.373, 121.696, 235082, 4, 62
2BqQQXuBOuhaWeUP7okEx0, 0.775, 0.417, 7, -8.895, 0, 0.0974, 0, 0.125, 0.608, 109.956, 211573, 4, 67
4ZJPwET9Jrgpkqi4Vo3Yg8, 0.656, 0.615, 5, -6.252, 1, 0.0539, 0, 0.234, 0.366, 139.91, 197253, 4, 71
6ZeQp2XTOiPCePWRfCHSo5, 0.422, 0.321, 5, -8.952, 1, 0.0294, 2.33e-06, 0.429, 0.28, 78.533, 196347, 4, 59
2RttW7RAu5nOAfq6YFvApB, 0.522, 0.385, 0, -7.355, 1, 0.0288, 0, 0.135, 0.236, 89.792, 207520, 4, 87
3QWjljChcOMkRDYSzF33Qr, 0.87, 0.502, 5, -7.497, 0, 0.0549, 0.00356, 0.0916, 0.673, 82.53, 160597, 4, 63
1JCCdiru7fhstOIF4N7WJC, 0.572, 0.499, 2, -5.237, 1, 0.0311, 0, 0.213, 0.108, 101.593, 237248, 4, 69
3oIhthYPSKwAwJLA8JClkV, 0.663, 0.789, 6, -5.167, 0, 0.102, 1.06e-06, 0.0828, 0.449, 94.985, 210680, 4, 66
2qT1uLXPVPzGgFOx4jtEuo, 0.699, 0.713, 9, -5.507, 0, 0.0594, 3.11e-06, 0.294, 0.354, 121.993, 205920, 4, 90
5rgy6ghBq1eRApCkeUdJXf, 0.378, 0.638, 10, -5.576, 1, 0.075, 7.66e-05, 0.0849, 0.735, 184.086, 250627, 4, 74
3y9cCbnBn0zjkJa2YkOj70, 0.803, 0.585, 0, -5.39, 1, 0.087, 2.87e-05, 0.201, 0.241, 146.02, 254080, 4, 63
4Km5HrUvYTaSUfiSGPJeQR, 0.927, 0.665, 11, -5.313, 1, 0.244, 0, 0.123, 0.175, 127.076, 343150, 4, 79
0s3nnoMeVWz3989MkNQiRf, 0.511, 0.566, 6, -7.23, 0, 0.2, 0, 0.34, 0.218, 83.903, 239836, 4, 60
5NQbUaeTEOGdD6hHcre0dZ, 0.618, 0.717, 7, -5.738, 1, 0.318, 0, 0.625, 0.603, 190.05, 196693, 4, 76
2meEiZKWkiN28gITzFwQo5, 0.623, 0.734, 9, -5.95, 1, 0.107, 1.9e-06, 0.145, 0.372, 107.853, 244453, 4, 84
7rfiXyFb5M9BqdkvKvVEiB, 0.728, 0.811, 7, -4.278, 1, 0.0564, 2.07e-06, 0.362, 0.705, 114.995, 228707, 4, 68
4q6dqyGM25sKFU8nYAGRe4, 0.711, 0.508, 7, -7.299, 1, 0.0494, 0, 0.141, 0.665, 98.098, 217800, 4, 72
4QeoDcR16IHpmmgFGQDrCp, 0.72, 0.727, 5, -3.882, 1, 0.0489, 0, 0.138, 0.481, 99.994, 223190, 4, 69
7GX5flRQZVHRAGd6B4TmDO, 0.732, 0.75, 11, -6.366, 0, 0.231, 0, 0.109, 0.401, 155.096, 182707, 4, 87
3O8NlPh2LByMU9lSRSHedm, 0.545, 0.478, 10, -11.066, 0, 0.287, 0, 0.114, 0.317, 92.326, 245227, 4, 76
7py16W5fWYLFFS6BElKAjn, 0.605, 0.77, 5, -3.645, 0, 0.0446, 0, 0.159, 0.298, 130.037, 225915, 4, 71
6Pgkp4qUoTmJIPn7ReaGxL, 0.653, 0.863, 2, -4.799, 1, 0.0457, 0, 0.0406, 0.276, 134.004, 181673, 4, 84
1a5Yu5L18qNxVhXx38njON, 0.789, 0.442, 11, -7.844, 1, 0.0421, 0.00366, 0.0927, 0.45, 121.971, 192846, 4, 56
5a8RPWgKSmcGBGcffmIrUi, 0.691, 0.716, 7, -5.985, 1, 0.0351, 9.06e-06, 0.263, 0.507, 112.035, 187027, 4, 45
5b88tNINg4Q4nrRbrCXUmg, 0.647, 0.822, 5, -4.662, 0, 0.183, 0, 0.0908, 0.962, 160.019, 232720, 4, 74
0puf9yIluy9W0vpMEUoAnN, 0.706, 0.786, 0, -3.417, 0, 0.0909, 0, 0.38, 0.749, 150.035, 199387, 4, 80
5uu28fUesZMl89lf9CLrgN, 0.522, 0.833, 0, -3.715, 1, 0.0575, 0, 0.127, 0.296, 180.009, 193569, 4, 71
4dVpf9jZjcORqGTLUaeYj9, 0.797, 0.844, 11, -5.482, 1, 0.275, 0, 0.087, 0.52, 170.142, 173600, 4, 81
0Dc7J9VPV4eOInoxUiZrsL, 0.851, 0.525, 2, -5.221, 0, 0.0874, 0, 0.111, 0.405, 97.988, 266840, 4, 74
6A8dnC0xkiuWN4BshmTB2I, 0.617, 0.642, 8, -8.624, 1, 0.0334, 0.157, 0.0929, 0.221, 105.885, 194013, 4, 67
3KiktyOxQd2Z0bmnabgRq2, 0.697, 0.377, 3, -7.755, 1, 0.0397, 0, 0.0999, 0.336, 138.754, 244573, 4, 46
5mPSyjLatqB00IkPqRlbTE, 0.718, 0.458, 4, -10.024, 0, 0.117, 3.43e-06, 0.105, 0.0514, 132.998, 212947, 4, 66
77UjLW8j5UAGAGVGhR5oUK, 0.735, 0.677, 2, -4.979, 1, 0.093, 2.17e-05, 0.111, 0.188, 100.584, 211440, 4, 81
4kflIGfjdZJW4ot2ioixTB, 0.559, 0.33, 9, -8.251, 1, 0.0285, 0, 0.0975, 0.285, 135.109, 285040, 4, 79
5uQOauh47VFt3B2kV9kRXw, 0.812, 0.621, 5, -8.3, 1, 0.0515, 0, 0.099, 0.847, 77.998, 128157, 4, 74
6gFPdkLitG8mpiWKKZ3lgE, 0.608, 0.798, 6, -5.092, 0, 0.0432, 0, 0.156, 0.501, 92.943, 185352, 4, 57
3Txcx4jhuiTZSvhAL0WaRc, 0.678, 0.414, 9, -10.144, 0, 0.0498, 3.78e-06, 0.0885, 0.355, 130.031, 243133, 4, 66
2aksifNn5ph8igDOkPBA02, 0.509, 0.637, 4, -4.83, 0, 0.0471, 1.08e-05, 0.0789, 0.378, 172.006, 224000, 3, 74
4pdgV8qr9Oytcv6thCdiIZ, 0.848, 0.663, 8, -5.606, 0, 0.245, 0, 0.108, 0.333, 133.993, 255413, 4, 61
1nX9KhK3Fff27SnrIor2Yb, 0.796, 0.5, 1, -7.21, 1, 0.425, 0, 0.155, 0.227, 75.012, 255560, 4, 73
6JvHYmanlC8FdbeiCztcrR, 0.865, 0.718, 8, -3.882, 1, 0.204, 7.62e-05, 0.264, 0.476, 153.548, 237655, 4, 55
32OlwWuMpZ6b0aN2RZOeMS, 0.856, 0.609, 0, -7.223, 1, 0.0824, 8.15e-05, 0.0344, 0.928, 114.988, 269667, 4, 82
7EiZI6JVHllARrX9PUvAdX, 0.722, 0.331, 8, -7.789, 1, 0.0725, 0.283, 0.146, 0.102, 143.974, 313547, 4, 77
0Zx8khUcEfCFK2AEoIhC92, 0.657, 0.703, 1, -3.402, 1, 0.0753, 0, 0.256, 0.338, 122.381, 214693, 4, 72
7GJClzimvMSghjcrKxuf1M, 0.714, 0.451, 5, -8.268, 1, 0.0276, 0, 0.108, 0.406, 127.787, 200720, 4, 79
32lItqlMi4LBhb4k0BaSaC, 0.67, 0.654, 4, -5.944, 1, 0.153, 1.02e-06, 0.071, 0.438, 180.024, 227533, 4, 85
5tbJvz7EzXc9Z8odKvfvJm, 0.415, 0.11, 1, -14.901, 1, 0.0388, 0.00236, 0.0962, 0.234, 81.876, 240147, 4, 25
1UZOjK1BwmwWU14Erba9CZ, 0.573, 0.781, 8, -6.406, 1, 0.0555, 2.64e-05, 0.0813, 0.343, 139.934, 231907, 4, 80
3Vo4wInECJQuz9BIBMOu8i, 0.704, 0.859, 5, -4.877, 0, 0.0996, 0, 0.0215, 0.926, 105.115, 217289, 4, 84
5wUUWVRvrciJqFitZF8R0P, 0.643, 0.541, 2, -5.801, 1, 0.0426, 0, 0.102, 0.165, 119.501, 311197, 4, 69
3BtuIIrQlkujKPuWF2B85z, 0.82, 0.641, 4, -7.811, 0, 0.116, 5.07e-05, 0.102, 0.395, 117.974, 263373, 4, 76
5nN8BwAQDJDguq7Dpd3JQQ, 0.813, 0.453, 1, -6.941, 1, 0.338, 0, 0.14, 0.191, 161.997, 208027, 4, 68
1f5cbQtDrykjarZVrShaDI, 0.839, 0.81, 5, -5.274, 0, 0.0568, 0, 0.117, 0.814, 129.014, 209269, 4, 81
1mXVgsBdtIVeCLJnSnmtdV, 0.698, 0.375, 5, -8.279, 1, 0.0491, 0, 0.173, 0.534, 91.92, 201000, 4, 86
75ZvA4QfFiZvzhj2xkaWAh, 0.556, 0.538, 8, -5.408, 0, 0.0382, 0, 0.196, 0.291, 143.95, 223347, 4, 88
6Dwtha2FtZFoMEBh5GR2sq, 0.827, 0.702, 6, -7.264, 1, 0.267, 5.04e-05, 0.158, 0.694, 130.02, 191720, 4, 67
4EAV2cKiqKP5UPZmY6dejk, 0.67, 0.752, 1, -4.146, 1, 0.0374, 0, 0.0749, 0.442, 149.961, 204747, 4, 84
7vFoFDWqTX0mHzLfrF1Cfy, 0.782, 0.685, 4, -6.237, 1, 0.0309, 1.18e-05, 0.16, 0.603, 118.016, 180566, 4, 75
77VLYTyrdlHEWcjhjQoXlz, 0.727, 0.598, 8, -8.425, 1, 0.0515, 1.07e-05, 0.0975, 0.683, 97.037, 197627, 4, 67
3aLWuWKHaTV4Ok7LKvXRYn, 0.681, 0.774, 1, -3.167, 0, 0.0787, 0, 0.35, 0.267, 102.924, 162425, 4, 70
2mj7x99sNUsVHPBRK51zlG, 0.599, 0.396, 10, -10.489, 0, 0.0392, 2.19e-05, 0.102, 0.134, 111.072, 246327, 4, 70
3E2Zh20GDCR9B1EYjfXWyv, 0.673, 0.637, 5, -4.518, 1, 0.0429, 0, 0.184, 0.678, 123.98, 201160, 4, 56
2glGP8kEfACgJdZ86kWxhN, 0.763, 0.608, 5, -8.1, 0, 0.035, 2.5e-05, 0.12, 0.393, 121.02, 138013, 4, 65
447yWcDPg1ddgcHBLGpJC0, 0.783, 0.537, 9, -2.921, 1, 0.0749, 0, 0.229, 0.392, 113.977, 222866, 4, 32
1rfofaqEpACxVEHIZBJe6W, 0.765, 0.523, 2, -4.333, 1, 0.03, 3.56e-05, 0.132, 0.394, 104.988, 217307, 4, 88
5kRPPEWFJIMox5qIkQkiz5, 0.427, 0.262, 7, -8.541, 1, 0.0276, 0, 0.068, 0.228, 104.085, 224867, 4, 76
5o3GnrcFtvkdf3zFznuSbA, 0.783, 0.61, 7, -6.124, 1, 0.0696, 0, 0.0983, 0.418, 100.047, 214265, 4, 76
5GXAXm5YOmYT0kL5jHvYBt, 0.773, 0.819, 0, -5.946, 0, 0.118, 0, 0.0679, 0.585, 92.99, 269187, 4, 71
0afhq8XCExXpqazXczTSve, 0.624, 0.876, 9, -3.374, 1, 0.1, 0, 0.327, 0.781, 99.943, 170827, 4, 84
7fex2V7RzWl9nCKyILjibB, 0.387, 0.413, 7, -8.95, 1, 0.0559, 1.56e-05, 0.262, 0.249, 173.73, 257484, 3, 66
5YHR8wBR5jXfGtP766NiAT, 0.503, 0.843, 10, -4.991, 0, 0.316, 0, 0.344, 0.778, 128.63, 203105, 4, 64
5NDUXbMwcnTQp66tI2zcdR, 0.828, 0.56, 0, -6.685, 1, 0.0327, 3.66e-05, 0.15, 0.872, 122.054, 198001, 4, 72
3u0qM9FSgL3zXi1Vn75b0i, 0.781, 0.853, 1, -3.68, 0, 0.0715, 0, 0.12, 0.624, 110.049, 250189, 4, 25
152lZdxL1OR0ZMW6KquMif, 0.736, 0.449, 1, -11.462, 0, 0.425, 0.000162, 0.0898, 0.326, 80.126, 219080, 4, 85
7KXjTSCq5nL1LoYtL7XAwS, 0.908, 0.621, 1, -6.638, 0, 0.102, 5.39e-05, 0.0958, 0.421, 150.011, 177000, 4, 86
5huOzlgCK7PsMSG4TFBvKY, 0.68, 0.735, 11, -5.553, 0, 0.0482, 0.00132, 0.109, 0.523, 106.994, 213120, 4, 69
1CkvWZme3pRgbzaxZnTl5X, 0.729, 0.756, 8, -5.119, 1, 0.0294, 0, 0.0527, 0.522, 104.945, 228293, 4, 75
5o4yGlG0PfeVUa6ClIyOxq, 0.867, 0.545, 2, -5.192, 1, 0.0625, 0.000289, 0.0505, 0.525, 139.943, 162586, 4, 73
54l9GJGQ1UCFKe2tzt1Vxt, 0.607, 0.74, 4, -4.793, 0, 0.172, 0, 0.105, 0.219, 108.05, 189401, 4, 77
09IStsImFySgyp0pIQdqAc, 0.753, 0.657, 7, -3.061, 1, 0.0449, 0, 0.112, 0.437, 107.01, 184732, 4, 88
1rIKgCH4H52lrvDcz50hS8, 0.694, 0.712, 7, -3.923, 0, 0.046, 0, 0.211, 0.799, 98.022, 201122, 4, 80

[Country]
05mAIVLkIWc2d1UBYZBCp8, 0.739, 0.742, 7, -4.586, 1, 0.0329, 1.39e-06, 0.229, 0.659, 124.016, 189000, 4, 83
0jdny0dhgjUwoIp5GkqEaA, 0.576, 0.39, 10, -7.202, 1, 0.0297, 0, 0.111, 0.319, 73.433, 230267, 4, 77
7wR5r0KYGXBpyWXCdyYs3F, 0.29, 0.889, 1, -2.611, 1, 0.159, 0, 0.0821, 0.651, 98.835, 225213, 4, 61
0fgZUSa7D7aVvv3GfO0A1n, 0.733, 0.676, 10, -5.655, 0, 0.0432, 0, 0.208, 0.701, 97.448, 226581, 4, 71
5DSr1NMci58MEgS20vivSL, 0.671, 0.672, 4, -9.188, 0, 0.12, 3.98e-05, 0.074, 0.186, 117.96, 240680, 4, 68
67kXYrMTQbS7MVbXyGyxHm, 0.472, 0.265, 6, -10.059, 0, 0.0356, 0.000499, 0.1, 0.204, 111.558, 170680, 4, 72
4JIo8RztBbELr2gWJ5OGK6, 0.534, 0.642, 9, -3.971, 1, 0.0504, 0, 0.29, 0.131, 92.963, 249813, 4, 78
7tr2za8SQg2CI8EDgrdtNl, 0.736, 0.795, 1, -3.299, 0, 0.0545, 1.21e-06, 0.254, 0.511, 104.066, 230813, 4, 71
4rwqrKdwlFWJ6LvPYaOtgn, 0.44, 0.413, 0, -7.365, 0, 0.0407, 3.4e-05, 0.0997, 0.141, 86.911, 258188, 3, 73
10GJQkjRJcZhGTLagFOC62, 0.76, 0.588, 9, -7.082, 1, 0.0775, 0, 0.0847, 0.384, 102.974, 204400, 4, 80
5GNjiM8jZCgbqjHklAcT9e, 0.755, 0.682, 0, -4.799, 1, 0.0339, 0, 0.189, 0.498, 122.049, 219040, 4, 70
5kRPPEWFJIMox5qIkQkiz5, 0.427, 0.262, 7, -8.541, 1, 0.0276, 0, 0.068, 0.228, 104.085, 224867, 4, 76
4UAW2gObi5o6sJla0qZpPn, 0.528, 0.284, 9, -11.487, 1, 0.0287, 0.000303, 0.109, 0.172, 76.012, 246421, 4, 73
1rIKgCH4H52lrvDcz50hS8, 0.694, 0.712, 7, -3.923, 0, 0.046, 0, 0.211, 0.799, 98.022, 201122, 4, 80
7cpCU3Denug5NGZsSpQl8v, 0.431, 0.377, 2, -9.753, 1, 0.0288, 0, 0.211, 0.353, 173.67, 213627, 4, 73
0d2iYfpKoM0QCKvcLCkBao, 0.56, 0.68, 6, -7.648, 0, 0.321, 0, 0.116, 0.319, 89.391, 173800, 4, 91
2ZyuwVvV6Z3XJaXIFbspeE, 0.741, 0.626, 1, -4.826, 0, 0.0886, 0, 0.0828, 0.706, 108.029, 188493, 4, 67
5Ck3e6z1bcSCes5gdo0Ddt, 0.633, 0.576, 6, -7.837, 1, 0.0522, 3.37e-05, 0.127, 0.296, 119.799, 256080, 4, 66
0Y4hwUppbGc8aIBmiTz30A, 0.636, 0.805, 9, -4.594, 1, 0.327, 0, 0.0793, 0.908, 92.958, 196552, 4, 78
2y4lAQpi5VTNLu2ldeTdUH, 0.613, 0.622, 1, -5.794, 0, 0.0334, 0, 0.37, 0.484, 80.003, 231240, 4, 80
3E2Zh20GDCR9B1EYjfXWyv, 0.673, 0.637, 5, -4.518, 1, 0.0429, 0, 0.184, 0.678, 123.98, 201160, 4, 56
3GCdLUSnKSMJhs4Tj6CV3s, 0.698, 0.633, 8, -4.946, 1, 0.0597, 0.000194, 0.0926, 0.552, 96.924, 232187, 4, 84
1pKeFVVUOPjFsOABub0OaV, 0.65, 0.736, 6, -5.84, 0, 0.229, 0, 0.235, 0.612, 159.174, 226160, 4, 84
6mDoM5FGbr1Or5nY9pTnLy, 0.635, 0.496, 0, -7.301, 1, 0.0936, 0, 0.121, 0.373, 121.696, 235082, 4, 62
66wkCYWlXzSTQAfnsPBptt, 0.861, 0.33, 6, -7.194, 1, 0.0526, 1.93e-06, 0.14, 0.718, 95.016, 216000, 4, 76
0B1QTVABE86QcHjXdPfeej, 0.61, 0.803, 1, -4.523, 1, 0.035, 2.92e-05, 0.0386, 0.438, 89.997, 191027, 4, 26
0qt5f5EL92o8Snzopsv0en, 0.705, 0.78, 7, -6.267, 1, 0.0805, 0.00152, 0.115, 0.457, 142.028, 218228, 4, 65
1f5cbQtDrykjarZVrShaDI, 0.839, 0.81, 5, -5.274, 0, 0.0568, 0, 0.117, 0.814, 129.014, 209269, 4, 81
0TlLq3lA83rQOYtrqBqSct, 0.912, 0.412, 7, -8.074, 1, 0.124, 0.013, 0.104, 0.422, 154.983, 238614, 4, 89
1CwNogTShsnsn1C8UhRmYX, 0.546, 0.645, 11, -6.4, 1, 0.0527, 0, 0.107, 0.457, 101.578, 203475, 4, 67
39N9RPD9MRb5WmoLzNzPeA, 0.595, 0.773, 9, -4.736, 0, 0.0549, 0.00108, 0.334, 0.711, 180.073, 173628, 4, 84
1oc3jna2ablnfIKLYbKujl, 0.67, 0.853, 8, -4.515, 1, 0.0884, 0, 0.0602, 0.615, 103.843, 189000, 4, 35
7Fa5UNizycSms5jP3SQD3F, 0.768, 0.807, 2, -5.508, 0, 0.106, 2.99e-06, 0.214, 0.575, 112.001, 284000, 4, 59
7KXjTSCq5nL1LoYtL7XAwS, 0.908, 0.621, 1, -6.638, 0, 0.102, 5.39e-05, 0.0958, 0.421, 150.011, 177000, 4, 86
7fex2V7RzWl9nCKyILjibB, 0.387, 0.413, 7, -8.95, 1, 0.0559, 1.56e-05, 0.262, 0.249, 173.73, 257484, 3, 66
7EiZI6JVHllARrX9PUvAdX, 0.722, 0.331, 8, -7.789, 1, 0.0725, 0.283, 0.146, 0.102, 143.974, 313547, 4, 77
1Te8WIfLudxjHTr66BL0JK, 0.731, 0.822, 1, -5.305, 1, 0.0459, 0, 0.288, 0.708, 118.021, 196613, 4, 69
5W4vPDfwFNQqt7frRjL41t, 0.709, 0.698, 1, -5.181, 1, 0.0788, 0, 0.272, 0.754, 143.949, 182947, 4, 64
4QtiVmuA88tPQiCOHZuQ5b, 0.792, 0.895, 1, -3.112, 0, 0.0589, 0, 0.0501, 0.794, 94.968, 201526, 4, 82
1a5Yu5L18qNxVhXx38njON, 0.789, 0.442, 11, -7.844, 1, 0.0421, 0.00366, 0.0927, 0.45, 121.971, 192846, 4, 56
50kpGaPAhYJ3sGmk6vplg0, 0.607, 0.376, 4, -9.954, 1, 0.453, 0, 0.285, 0.545, 102.541, 233720, 4, 83
3eqT34f3rxmm4dR7madDIM, 0.813, 0.58, 11, -6.724, 1, 0.0746, 8.45e-06, 0.349, 0.443, 100.045, 221972, 4, 44
1P17dC1amhFzptugyAO7Il, 0.766, 0.709, 9, -6.471, 0, 0.123, 1.41e-05, 0.126, 0.506, 128.07, 211853, 4, 73
48q0vSHcJdhK3IiXH8C5WJ, 0.691, 0.64, 2, -6.517, 1, 0.0408, 1.03e-05, 0.16, 0.785, 92.03, 161124, 4, 58
5p3NP9mQblDsVJLdfNZJ3I, 0.706, 0.557, 0, -5.8, 1, 0.0813, 0, 0.276, 0.205, 132.98, 248827, 4, 66
7rKKh8AGVXuNXgLBpTBTFH, 0.549, 0.861, 10, -5.737, 1, 0.177, 0.000122, 0.101, 0.354, 189.711, 198107, 4, 65
1E1uGhNdBe6Dddbgs2KqtZ, 0.62, 0.61, 11, -8.329, 0, 0.0373, 0.162, 0.205, 0.235, 127.052, 238560, 4, 79
3QWjljChcOMkRDYSzF33Qr, 0.87, 0.502, 5, -7.497, 0, 0.0549, 0.00356, 0.0916, 0.673, 82.53, 160597, 4, 63
4F1yvJfQ7gJkrcgFJQDjOr, 0.689, 0.584, 1, -5.768, 0, 0.119, 0, 0.297, 0.676, 156.572, 191680, 4, 80
4dVpf9jZjcORqGTLUaeYj9, 0.797, 0.844, 11, -5.482, 1, 0.275, 0, 0.087, 0.52, 170.142, 173600, 4, 81
6B7op3kK1kFQp4Ck1UZtK5, 0.607, 0.718, 4, -4.095, 1, 0.0978, 0, 0.403, 0.551, 101.821, 213307, 4, 39
2uaiyLKnYvazyfR0Ky3Kbk, 0.649, 0.548, 1, -5.692, 0, 0.0318, 0, 0.136, 0.506, 150.036, 169181, 4, 43
20s34XSPIiYMGSFDRSs24t, 0.735, 0.567, 0, -5.962, 1, 0.0635, 0, 0.0659, 0.574, 149.968, 232707, 4, 63
6F5c58TMEs1byxUstkzVeM, 0.554, 0.772, 7, -4.821, 0, 0.0418, 6.6e-06, 0.354, 0.455, 179.984, 223546, 4, 78
4lnAN2S1fcI0SjxEbksZVr, 0.707, 0.611, 2, -4.474, 1, 0.0639, 3.59e-06, 0.0651, 0.285, 123.006, 186113, 4, 75
2TRFIQpTqq12xGpFJEr0Ft, 0.884, 0.765, 8, -3.865, 1, 0.0882, 7.04e-06, 0.118, 0.594, 99.987, 224573, 4, 43
6vN77lE9LK6HP2DewaN6HZ, 0.964, 0.346, 5, -9.309, 0, 0.53, 0, 0.108, 0.562, 119.958, 142273, 4, 86
1cOyWWUr3oXJIxY0AjJEx9, 0.628, 0.737, 7, -4.437, 1, 0.041, 0, 0.0777, 0.592, 91.507, 185194, 4, 69
4ofwffwvvnbSkrMSCKQDaC, 0.672, 0.735, 5, -4.733, 1, 0.0457, 0, 0.242, 0.754, 115.741, 201287, 4, 88
5WSdMcWTKRdN1QYVJHJWxz, 0.657, 0.913, 11, -4.984, 1, 0.0528, 0.00149, 0.466, 0.906, 108.036, 254620, 4, 65
2JqnpexlO9dmvjUMCaLCLJ, 0.55, 0.415, 9, -6.557, 0, 0.052, 0, 0.108, 0.274, 172.065, 205463, 4, 86
6u0oHknFYrnUd42A6rvFly, 0.818, 0.67, 8, -4.451, 0, 0.0472, 1.22e-06, 0.0601, 0.939, 119.988, 235382, 4, 51
2iJuuzV8P9Yz0VSurttIV5, 0.772, 0.685, 5, -6.849, 1, 0.0696, 8.96e-05, 0.131, 0.501, 130.033, 283400, 4, 73
7lGKEWMXVWWTt3X71Bv44I, 0.389, 0.665, 0, -6.169, 1, 0.0644, 0.000732, 0.116, 0.199, 117.055, 193547, 4, 79
5hTpBe8h35rJ67eAWHQsJx, 0.941, 0.335, 5, -10.179, 0, 0.505, 0, 0.262, 0.707, 120.041, 209640, 4, 79
60APt5N2NRaKWf5xzJdzyC, 0.784, 0.728, 0, -4.549, 0, 0.0539, 0, 0.222, 0.713, 110.165, 229160, 4, 62
2bJvI42r8EF3wxjOuDav4r, 0.72, 0.802, 1, -5.797, 1, 0.0582, 0, 0.694, 0.723, 124.043, 229360, 4, 78
7Ezwtgfw7khBrpvaNPtMoT, 0.414, 0.807, 10, -4.12, 0, 0.348, 0, 0.822, 0.409, 175.158, 191901, 4, 59
2d8JP84HNLKhmd6IYOoupQ, 0.746, 0.873, 7, -3.803, 1, 0.128, 0, 0.354, 0.817, 148.075, 222093, 4, 75
6fwdbPMwP1zVStm8FybmkO, 0.835, 0.413, 1, -9.81, 1, 0.396, 0.00133, 0.101, 0.111, 149.004, 258880, 4, 77
4ZJPwET9Jrgpkqi4Vo3Yg8, 0.656, 0.615, 5, -6.252, 1, 0.0539, 0, 0.234, 0.366, 139.91, 197253, 4, 71
0QsvXIfqM0zZoerQfsI9lm, 0.542, 0.859, 11, -5.651, 1, 0.197, 0.00466, 0.137, 0.403, 159.797, 208053, 4, 43
7e6FvCvngX5job1PUYIIIL, 0.744, 0.634, 8, -7.942, 0, 0.247, 0, 0.223, 0.333, 104.018, 184840, 4, 69
5WoaF1B5XIEnWfmb5NZikf, 0.674, 0.506, 6, -10.532, 1, 0.0434, 0, 0.0866, 0.183, 145.965, 259333, 4, 78
19gEmPjfqSZT0ulDRfjl0m, 0.794, 0.51, 9, -7.314, 1, 0.42, 1.81e-06, 0.0562, 0.18, 167.879, 194561, 4, 74
0puf9yIluy9W0vpMEUoAnN, 0.706, 0.786, 0, -3.417, 0, 0.0909, 0, 0.38, 0.749, 150.035, 199387, 4, 80
2NlTOhsAamXOaZciOXbITb, 0.693, 0.717, 9, -6.346, 0, 0.107, 0, 0.0464, 0.412, 99.836, 234308, 4, 73
0b9oOr2ZgvyQu88wzixux9, 0.854, 0.463, 5, -6.159, 1, 0.137, 0, 0.354, 0.549, 120.024, 225773, 4, 81
54l9GJGQ1UCFKe2tzt1Vxt, 0.607, 0.74, 4, -4.793, 0, 0.172, 0, 0.105, 0.219, 108.05, 189401, 4, 77
4kflIGfjdZJW4ot2ioixTB, 0.559, 0.33, 9, -8.251, 1, 0.0285, 0, 0.0975, 0.285, 135.109, 285040, 4, 79
3JEzGRDUsozrehZTq3dKE8, 0.419, 0.655, 0, -6.679, 1, 0.247, 0, 0.0962, 0.353, 76.835, 215297, 3, 61
6WAxKNbZoGNzQTIvdMqkFs, 0.619, 0.539, 1, -5.688, 0, 0.0409, 0, 0.106, 0.39, 112.006, 206400, 4, 65
77UjLW8j5UAGAGVGhR5oUK, 0.735, 0.677, 2, -4.979, 1, 0.093, 2.17e-05, 0.111, 0.188, 100.584, 211440, 4, 81
6JV2JOEocMgcZxYSZelKcc, 0.667, 0.83, 0, -5.715, 1, 0.0749, 0, 0.191, 0.701, 113.03, 236002, 4, 80
39jXnbACjiaiTwwhsr5sY5, 0.509, 0.538, 0, -6.456, 1, 0.0397, 0, 0.13, 0.178, 153.711, 223044, 4, 78
6JG0qhINKVwiHxqN85j7RG, 0.607, 0.784, 7, -6.293, 1, 0.268, 0, 0.689, 0.482, 81.004, 278573, 4, 72
4tERsdVCLtLtrGdFBf9DGC, 0.715, 0.742, 0, -4.331, 1, 0.0347, 2.47e-05, 0.364, 0.322, 106.971, 230880, 4, 73
6olUplztLFFfU7fMYmFXOP, 0.699, 0.601, 0, -6.48, 1, 0.0304, 1.17e-05, 0.562, 0.434, 98.04, 252013, 4, 66
4BHzQ9C00ceJxfG16AlNWb, 0.69, 0.524, 6, -8.39, 0, 0.103, 3.16e-06, 0.17, 0.562, 164.023, 223080, 4, 73
4pdgV8qr9Oytcv6thCdiIZ, 0.848, 0.663, 8, -5.606, 0, 0.245, 0, 0.108, 0.333, 133.993, 255413, 4, 61
2S2od3hT7ceytw7d1pTRuE, 0.664, 0.738, 9, -4.095, 0, 0.0338, 5.75e-05, 0.135, 0.203, 119.973, 193962, 4, 77
2mj7x99sNUsVHPBRK51zlG, 0.599, 0.396, 10, -10.489, 0, 0.0392, 2.19e-05, 0.102, 0.134, 111.072, 246327, 4, 70
2H881m3JRA8lpuuwaQL6zy, 0.614, 0.682, 11, -4.117, 0, 0.102, 0, 0.134, 0.566, 100.202, 169853, 4, 68
1n8ZUpQ0iVY6gVBgEUdA2Q, 0.61, 0.707, 8, -5.029, 1, 0.0579, 0, 0.0538, 0.669, 157.975, 198227, 4, 35
0E6PsO3ymCfUh7pJQjBgkj, 0.705, 0.784, 2, -6.477, 1, 0.271, 0, 0.168, 0.377, 160.035, 264853, 4, 72
5wUUWVRvrciJqFitZF8R0P, 0.643, 0.541, 2, -5.801, 1, 0.0426, 0, 0.102, 0.165, 119.501, 311197, 4, 69
7t2bFihaDvhIrd2gn2CWJO, 0.805, 0.33, 1, -8.712, 0, 0.1, 0, 0.105, 0.211, 121.97, 242983, 4, 79
1ZY1PqizIl78geGM4xWlEA, 0.8, 0.535, 7, -6.684, 1, 0.135, 9.48e-06, 0.213, 0.451, 92.027, 209680, 4, 72
5o4yGlG0PfeVUa6ClIyOxq, 0.867, 0.545, 2, -5.192, 1, 0.0625, 0.000289, 0.0505, 0.525, 139.943, 162586, 4, 73
1FY8gDAydm8CfGYp7Lv9ce, 0.648, 0.616, 6, -7.82, 1, 0.0606, 0, 0.161, 0.275, 105.985, 202347, 4, 67

[Electronic]
4BHzQ9C00ceJxfG16AlNWb, 0.69, 0.524, 6, -8.39, 0, 0.103, 3.16e-06, 0.17, 0.562, 164.023, 223080, 4, 73
5fyIGoaaKelzdyW8ELhYJZ, 0.564, 0.703, 2, -5.459, 1, 0.269, 0.00927, 0.358, 0.477, 139.045, 237840, 4, 67
4F7A0DXBrmUAkp32uenhZt, 0.572, 0.631, 1, -8.389, 1, 0.104, 2.31e-05, 0.259, 0.219, 77.519, 249213, 4, 74
6B7op3kK1kFQp4Ck1UZtK5, 0.607, 0.718, 4, -4.095, 1, 0.0978, 0, 0.403, 0.551, 101.821, 213307, 4, 39
5hTpBe8h35rJ67eAWHQsJx, 0.941, 0.335, 5, -10.179, 0, 0.505, 0, 0.262, 0.707, 120.041, 209640, 4, 79
7py16W5fWYLFFS6BElKAjn, 0.605, 0.77, 5, -3.645, 0, 0.0446, 0, 0.159, 0.298, 130.037, 225915, 4, 71
57kR5SniQIbsbVoIjjOUDa, 0.426, 0.722, 5, -5.369, 0, 0.196, 1.27e-06, 0.262, 0.25, 196.133, 247267, 4, 74
39hnH8WdPmNT3Q3yzwC9Rg, 0.926, 0.336, 0, -9.326, 0, 0.594, 0, 0.138, 0.38, 92.995, 196600, 4, 66
1rqqCSm0Qe4I9rUvWncaom, 0.579, 0.904, 5, -2.729, 1, 0.0618, 0, 0.064, 0.681, 82.014, 190947, 4, 95
3D1rlKmZdpYUeMtRRLNawc, 0.662, 0.844, 8, -5.495, 1, 0.0669, 4.78e-05, 0.525, 0.763, 145.007, 205760, 4, 72
1cOyWWUr3oXJIxY0AjJEx9, 0.628, 0.737, 7, -4.437, 1, 0.041, 0, 0.0777, 0.592, 91.507, 185194, 4, 69
4MdQkwmoI9lrUfHGD7wOzy, 0.735, 0.494, 8, -7.607, 0, 0.115, 1.05e-06, 0.108, 0.143, 135.159, 170752, 4, 65
5o3GnrcFtvkdf3zFznuSbA, 0.783, 0.61, 7, -6.124, 1, 0.0696, 0, 0.0983, 0.418, 100.047, 214265, 4, 76
3DGar7krWlmrXRFHBcQF6z, 0.734, 0.765, 7, -5.562, 1, 0.0621, 0, 0.231, 0.518, 109.989, 163636, 4, 82
7rfiXyFb5M9BqdkvKvVEiB, 0.728, 0.811, 7, -4.278, 1, 0.0564, 2.07e-06, 0.362, 0.705, 114.995, 228707, 4, 68
6G8kHiVZ1jW7vHMPVRNZU0, 0.826, 0.318, 10, -12.391, 1, 0.0574, 0.0131, 0.11, 0.138, 103.002, 245787, 4, 82
0s3nnoMeVWz3989MkNQiRf, 0.511, 0.566, 6, -7.23, 0, 0.2, 0, 0.34, 0.218, 83.903, 239836, 4, 60
6WAxKNbZoGNzQTIvdMqkFs, 0.619, 0.539, 1, -5.688, 0, 0.0409, 0, 0.106, 0.39, 112.006, 206400, 4, 65
2RttW7RAu5nOAfq6YFvApB, 0.522, 0.385, 0, -7.355, 1, 0.0288, 0, 0.135, 0.236, 89.792, 207520, 4, 87
2glGP8kEfACgJdZ86kWxhN, 0.763, 0.608, 5, -8.1, 0, 0.035, 2.5e-05, 0.12, 0.393, 121.02, 138013, 4, 65
7DsX5K72fewVGb47qj7Tbg, 0.386, 0.377, 4, -9.372, 0, 0.0484, 1.96e-06, 0.0864, 0.168, 172.618, 221596, 3, 73
5UPNBWFU2TEf9kauIITfBs, 0.77, 0.69, 1, -5.565, 1, 0.136, 0, 0.128, 0.732, 103.035, 178507, 4, 64
4wCmqSrbyCgxEXROQE6vtV, 0.857, 0.517, 0, -6.972, 1, 0.0384, 0.000195, 0.102, 0.754, 129.063, 244973, 4, 75
2DQ1ITjI0YoLFzuADN1ZBW, 0.838, 0.771, 1, -3.791, 1, 0.244, 0, 0.0853, 0.405, 175.957, 245387, 4, 73
6XcfKZvJio9Z0fQy11GnNX, 0.666, 0.728, 7, -5.808, 1, 0.0419, 4.26e-06, 0.0429, 0.51, 122.996, 204878, 4, 79
6875MeXyCW0wLyT72Eetmo, 0.668, 0.613, 4, -4.225, 1, 0.102, 0, 0.102, 0.498, 99.852, 181933, 4, 48
4r6eNCsrZnQWJzzvFh4nlg, 0.638, 0.832, 8, -5.039, 1, 0.049, 0, 0.113, 0.648, 124.071, 227893, 4, 62
7gHs73wELdeycvS48JfIos, 0.589, 0.651, 6, -5.097, 1, 0.0306, 3.2e-06, 0.111, 0.166, 90.011, 212627, 4, 81
2vwlzO0Qp8kfEtzTsCXfyE, 0.53, 0.422, 5, -6.262, 1, 0.0342, 0, 0.107, 0.349, 119.964, 221360, 4, 76
3JTtZUOiZljuWbNiasfHB6, 0.785, 0.702, 7, -4.517, 1, 0.0464, 0, 0.175, 0.569, 116.021, 167640, 4, 69
343YBumqHu19cGoGARUTsd, 0.927, 0.488, 9, -9.433, 0, 0.42, 0, 0.196, 0.605, 133.987, 210937, 4, 77
0e7ipj03S05BNilyu5bRzt, 0.587, 0.535, 5, -6.09, 0, 0.0898, 6.56e-05, 0.131, 0.14, 159.847, 218147, 4, 92
1P17dC1amhFzptugyAO7Il, 0.766, 0.709, 9, -6.471, 0, 0.123, 1.41e-05, 0.126, 0.506, 128.07, 211853, 4, 73
2ZyuwVvV6Z3XJaXIFbspeE, 0.741, 0.626, 1, -4.826, 0, 0.0886, 0, 0.0828, 0.706, 108.029, 188493, 4, 67
6hmhG1b4LEyNuashVvuIAo, 0.583, 0.732, 11, -5.728, 0, 0.0457, 9.86e-06, 0.269, 0.276, 145.992, 213428, 4, 80
6SwRhMLwNqEi6alNPVG00n, 0.658, 0.535, 9, -8.983, 0, 0.0573, 0, 0.2, 0.419, 110.684, 227360, 4, 76
39liuGHPxn2sAyvO6DINor, 0.833, 0.673, 1, -6.981, 0, 0.315, 0, 0.136, 0.753, 148.019, 149080, 4, 58
1ZY1PqizIl78geGM4xWlEA, 0.8, 0.535, 7, -6.684, 1, 0.135, 9.48e-06, 0.213, 0.451, 92.027, 209680, 4, 72
4pdgV8qr9Oytcv6thCdiIZ, 0.848, 0.663, 8, -5.606, 0, 0.245, 0, 0.108, 0.333, 133.993, 255413, 4, 61
2XdQVMDbbOWD4Jx3vygaqu, 0.805, 0.451, 9, -7.109, 1, 0.117, 0, 0.248, 0.46, 108.088, 240039, 4, 50
1m4dXbkplvaOO4Wbdjbwxs, 0.934, 0.694, 11, -5.849, 0, 0.1, 1.21e-06, 0.479, 0.835, 123.822, 181240, 4, 41
54l9GJGQ1UCFKe2tzt1Vxt, 0.607, 0.74, 4, -4.793, 0, 0.172, 0, 0.105, 0.219, 108.05, 189401, 4, 77
10Igtw8bSDyyFs7KIsKngZ, 0.755, 0.599, 8, -5.042, 1, 0.224, 0, 0.109, 0.755, 133.123, 216632, 4, 82
6JvHYmanlC8FdbeiCztcrR, 0.865, 0.718, 8, -3.882, 1, 0.204, 7.62e-05, 0.264, 0.476, 153.548, 237655, 4, 55
5o4yGlG0PfeVUa6ClIyOxq, 0.867, 0.545, 2, -5.192, 1, 0.0625, 0.000289, 0.0505, 0.525, 139.943, 162586, 4, 73
7Ezwtgfw7khBrpvaNPtMoT, 0.414, 0.807, 10, -4.12, 0, 0.348, 0, 0.822, 0.409, 175.158, 191901, 4, 59
2bJvI42r8EF3wxjOuDav4r, 0.72, 0.802, 1, -5.797, 1, 0.0582, 0, 0.694, 0.723, 124.043, 229360, 4, 78
4NYwy0R3NdvORX2B6OZXBT, 0.733, 0.408, 7, -7.834, 0, 0.0388, 3.92e-05, 0.11, 0.291, 94.947, 197854, 4, 73
17JYzDCW1UTndfURuTydF2, 0.736, 0.756, 11, -7.099, 1, 0.047, 0.00577, 0.106, 0.712, 117.016, 231847, 4, 59
2Z8WuEywRWYTKe1NybPQEW, 0.645, 0.713, 6, -5.355, 1, 0.0393, 0, 0.113, 0.566, 74.989, 214507, 4, 83
5WSdMcWTKRdN1QYVJHJWxz, 0.657, 0.913, 11, -4.984, 1, 0.0528, 0.00149, 0.466, 0.906, 108.036, 254620, 4, 65
6fwdbPMwP1zVStm8FybmkO, 0.835, 0.413, 1, -9.81, 1, 0.396, 0.00133, 0.101, 0.111, 149.004, 258880, 4, 77
3b5Li4QKDVBx1x7fQuu54a, 0.69, 0.876, 2, -4.159, 1, 0.059, 0, 0.147, 0.493, 123.994, 192112, 4, 73
6jMbPsH6lTOLs5n8Af26AG, 0.699, 0.282, 7, -7.65, 1, 0.0374, 1.23e-06, 0.0981, 0.359, 79.776, 159293, 4, 73
1wHZx0LgzFHyeIZkUydNXq, 0.713, 0.526, 1, -5.046, 1, 0.032, 0.000148, 0.124, 0.131, 131.05, 262693, 4, 78
7h6lpVuSGPW6RNjDXKpYDh, 0.648, 0.936, 0, -4.745, 1, 0.0762, 6.93e-06, 0.482, 0.566, 120.708, 248880, 4, 68
2fUZ3aMp8amSaV0mp8s6rQ, 0.711, 0.882, 0, -4.276, 1, 0.0576, 0, 0.226, 0.56, 106.017, 167038, 4, 69
6kPJZM97LwdG9QIsT7khp6, 0.737, 0.636, 11, -4.546, 0, 0.0437, 6.66e-05, 0.35, 0.565, 105.005, 222653, 4, 87
3EmmCZoqpWOTY1g2GBwJoR, 0.647, 0.932, 11, -3.515, 1, 0.0824, 1.5e-06, 0.0574, 0.374, 114.991, 198774, 4, 72
1mXVgsBdtIVeCLJnSnmtdV, 0.698, 0.375, 5, -8.279, 1, 0.0491, 0, 0.173, 0.534, 91.92, 201000, 4, 86
32lItqlMi4LBhb4k0BaSaC, 0.67, 0.654, 4, -5.944, 1, 0.153, 1.02e-06, 0.071, 0.438, 180.024, 227533, 4, 85
1CZOrmHUUjeDP7N2B4Ba6S, 0.696, 0.921, 0, -3.755, 1, 0.0363, 5.24e-05, 0.0842, 0.714, 119.001, 294573, 4, 77
4nVBt6MZDDP6tRVdQTgxJg, 0.6, 0.663, 3, -5.802, 1, 0.0477, 0, 0.119, 0.286, 121.07, 245493, 4, 80
0prNGof3XqfTvNDxHonvdK, 0.573, 0.739, 0, -5.74, 1, 0.129, 0, 0.111, 0.451, 97.085, 230227, 4, 76
2Za1AlJNvksouPPWbXpR2X, 0.712, 0.51, 8, -8.162, 1, 0.0633, 2.46e-05, 0.112, 0.268, 122.964, 240507, 4, 76
7lGKEWMXVWWTt3X71Bv44I, 0.389, 0.665, 0, -6.169, 1, 0.0644, 0.000732, 0.116, 0.199, 117.055, 193547, 4, 79
6F5c58TMEs1byxUstkzVeM, 0.554, 0.772, 7, -4.821, 0, 0.0418, 6.6e-06, 0.354, 0.455, 179.984, 223546, 4, 78
6yIdwnpDHufLWgQcveTPMk, 0.735, 0.451, 0, -8.374, 1, 0.0585, 1.3e-05, 0.325, 0.0862, 117.973, 245200, 4, 79
1oew3nFNY3vMacJAsvry0S, 0.544, 0.774, 5, -4.21, 0, 0.0339, 0, 0.135, 0.522, 174.121, 193733, 4, 75
1wYZZtamWTQAoj8B812uKQ, 0.376, 0.821, 0, -3.974, 1, 0.104, 0, 0.0823, 0.331, 120.462, 199453, 4, 68
2CWnuF7ht55Ajyeg4WPvWu, 0.665, 0.86, 4, -3.921, 0, 0.0761, 0, 0.281, 0.372, 139.973, 209355, 4, 55
5uQOauh47VFt3B2kV9kRXw, 0.812, 0.621, 5, -8.3, 1, 0.0515, 0, 0.099, 0.847, 77.998, 128157, 4, 74
1YMBg7rOjxzbya0fPOYfNX, 0.784, 0.757, 8, -3.912, 1, 0.0384, 1.18e-06, 0.142, 0.587, 104.996, 198286, 4, 73
2tpWsVSb9UEmDRxAl1zhX1, 0.664, 0.705, 1, -4.972, 0, 0.0382, 0, 0.118, 0.477, 122.016, 257267, 4, 80
0Fv5N0cHBsl4bzCbollCAS, 0.789, 0.53, 2, -6.2, 1, 0.293, 0, 0.164, 0.367, 75.515, 142907, 4, 71
00vk0sEfb6mr2ehwSw0Uhn, 0.773, 0.849, 8, -8.345, 0, 0.0587, 0.0103, 0.397, 0.913, 119.981, 192227, 4, 59
7ARveOiD31w2Nq0n5FsSf8, 0.622, 0.58, 1, -5.273, 0, 0.0504, 2.95e-05, 0.112, 0.512, 104.41, 221874, 4, 69
1ZAyjvIk9YiD76yYy0TEG6, 0.876, 0.519, 11, -6.531, 1, 0.143, 0, 0.108, 0.158, 94.981, 175230, 4, 84
1BuZAIO8WZpavWVbbq3Lci, 0.713, 0.831, 1, -4.75, 0, 0.15, 0, 0.118, 0.584, 173.948, 332301, 4, 81
75ZvA4QfFiZvzhj2xkaWAh, 0.556, 0.538, 8, -5.408, 0, 0.0382, 0, 0.196, 0.291, 143.95, 223347, 4, 88
5Ck3e6z1bcSCes5gdo0Ddt, 0.633, 0.576, 6, -7.837, 1, 0.0522, 3.37e-05, 0.127, 0.296, 119.799, 256080, 4, 66
3NLnwwAQbbFKcEcV8hDItk, 0.647, 0.823, 2, -5.231, 1, 0.0762, 0, 0.119, 0.396, 99.933, 230333, 4, 74
5jrdCoLpJSvHHorevXBATy, 0.645, 0.585, 6, -6.122, 1, 0.0513, 0, 0.165, 0.353, 131.931, 215672, 4, 78
3nodtPfXcok53E8Uze8gvD, 0.635, 0.659, 8, -4.92, 1, 0.155, 0, 0.302, 0.54, 178.018, 187589, 4, 64
46jLy47W8rkf8rEX04gMKB, 0.552, 0.689, 10, -6.444, 0, 0.0425, 0, 0.27, 0.349, 99.961, 169773, 4, 68
7kqcudBGM74MXVoYMaoWkC, 0.845, 0.506, 1, -5.971, 1, 0.0409, 1.03e-06, 0.0879, 0.647, 99.051, 264947, 4, 75
ERROR
4tERsdVCLtLtrGdFBf9DGC, 0.715, 0.742, 0, -4.331, 1, 0.0347, 2.47e-05, 0.364, 0.322, 106.971, 230880, 4, 73
2Zj4FUsMtu9PMuJsHbGbdv, 0.669, 0.78, 7, -4.287, 0, 0.053, 1.63e-06, 0.143, 0.738, 139.945, 212333, 4, 59
4JIo8RztBbELr2gWJ5OGK6, 0.534, 0.642, 9, -3.971, 1, 0.0504, 0, 0.29, 0.131, 92.963, 249813, 4, 78
0I20rLT2MJDhcF96AjbNYo, 0.671, 0.628, 5, -5.049, 0, 0.0759, 0, 0.114, 0.537, 102.037, 210400, 4, 56
7k802XMtsF57i4WS2M2MGg, 0.651, 0.601, 10, -5.097, 0, 0.0497, 0, 0.0882, 0.512, 133.954, 201422, 4, 56
5DSr1NMci58MEgS20vivSL, 0.671, 0.672, 4, -9.188, 0, 0.12, 3.98e-05, 0.074, 0.186, 117.96, 240680, 4, 68
4Z1t1aMRif8ES212kTN8H2, 0.501, 0.648, 9, -7.173, 1, 0.0696, 1.26e-05, 0.153, 0.191, 163.834, 225200, 4, 65
3BtuIIrQlkujKPuWF2B85z, 0.82, 0.641, 4, -7.811, 0, 0.116, 5.07e-05, 0.102, 0.395, 117.974, 263373, 4, 76
7ef4DlsgrMEH11cDZd32M6, 0.791, 0.862, 9, -3.24, 0, 0.11, 2.19e-05, 0.0814, 0.592, 123.994, 214847, 4, 89
0E6PsO3ymCfUh7pJQjBgkj, 0.705, 0.784, 2, -6.477, 1, 0.271, 0, 0.168, 0.377, 160.035, 264853, 4, 72
25oOaleife6E2MIKmFkPvg, 0.842, 0.597, 2, -6.336, 1, 0.0627, 0, 0.124, 0.298, 145.992, 215307, 4, 76
0zMzyHAeMvwq5CRstru1Fp, 0.586, 0.128, 7, -9.297, 1, 0.0496, 0, 0.0858, 0.371, 123.498, 276067, 4, 68
0A2J5TumCpT4aJVvQHNEQW, 0.464, 0.321, 2, -11.12, 1, 0.0418, 0, 0.0789, 0.306, 93.528, 252760, 4, 48

[Indie]
23i3AkDGUo6wZJP15V67kQ, 0.64, 0.533, 0, -6.596, 1, 0.0706, 0, 0.0864, 0.515, 99.968, 220773, 4, 33
0e7ipj03S05BNilyu5bRzt, 0.587, 0.535, 5, -6.09, 0, 0.0898, 6.56e-05, 0.131, 0.14, 159.847, 218147, 4, 92
2NVt7fxr5GsqTkGwYXcNTE, 0.676, 0.615, 6, -7.534, 0, 0.0496, 0, 0.341, 0.883, 163.993, 176675, 4, 60
5tf1VVWniHgryyumXyJM7w, 0.636, 0.815, 5, -5.098, 0, 0.0581, 0, 0.163, 0.636, 123.063, 219043, 4, 78
6xcJyGpfZbuuiequtnlKt4, 0.764, 0.628, 11, -5.851, 1, 0.0503, 0, 0.114, 0.196, 140.963, 190557, 4, 51
5uQOauh47VFt3B2kV9kRXw, 0.812, 0.621, 5, -8.3, 1, 0.0515, 0, 0.099, 0.847, 77.998, 128157, 4, 74
01BC4Xj5tfsfV8DLDrma7q, 0.694, 0.853, 7, -3.986, 1, 0.0934, 0, 0.322, 0.501, 106.098, 199773, 4, 66
3EmmCZoqpWOTY1g2GBwJoR, 0.647, 0.932, 11, -3.515, 1, 0.0824, 1.5e-06, 0.0574, 0.374, 114.991, 198774, 4, 72
5o3GnrcFtvkdf3zFznuSbA, 0.783, 0.61, 7, -6.124, 1, 0.0696, 0, 0.0983, 0.418, 100.047, 214265, 4, 76
0mGJTKRIuCOJtiT4YkJHiv, 0.698, 0.869, 6, -3.294, 1, 0.0468, 0, 0.121, 0.714, 125.005, 203387, 4, 59
1E1uGhNdBe6Dddbgs2KqtZ, 0.62, 0.61, 11, -8.329, 0, 0.0373, 0.162, 0.205, 0.235, 127.052, 238560, 4, 79
2K87XMYnUMqLcX3zvtAF4G, 0.73, 0.703, 0, -5.672, 0, 0.0369, 0, 0.0657, 0.595, 138.113, 192120, 4, 76
2RttW7RAu5nOAfq6YFvApB, 0.522, 0.385, 0, -7.355, 1, 0.0288, 0, 0.135, 0.236, 89.792, 207520, 4, 87
7e6FvCvngX5job1PUYIIIL, 0.744, 0.634, 8, -7.942, 0, 0.247, 0, 0.223, 0.333, 104.018, 184840, 4, 69
4PWY72AubTjoZrohQt0pWn, 0.77, 0.664, 0, -5.604, 1, 0.211, 0.000118, 0.105, 0.472, 140.163, 321987, 4, 58
77VLYTyrdlHEWcjhjQoXlz, 0.727, 0.598, 8, -8.425, 1, 0.0515, 1.07e-05, 0.0975, 0.683, 97.037, 197627, 4, 67
20I6sIOMTCkB6w7ryavxtO, 0.782, 0.6, 7, -6.532, 1, 0.0416, 1.81e-06, 0.108, 0.612, 120.05, 193400, 4, 75
00vk0sEfb6mr2ehwSw0Uhn, 0.773, 0.849, 8, -8.345, 0, 0.0587, 0.0103, 0.397, 0.913, 119.981, 192227, 4, 59
3QmOiZF7IzJJkHnahh5Ea0, 0.767, 0.631, 1, -6.762, 1, 0.0541, 0, 0.119, 0.541, 100.968, 203992, 4, 68
6fwdbPMwP1zVStm8FybmkO, 0.835, 0.413, 1, -9.81, 1, 0.396, 0.00133, 0.101, 0.111, 149.004, 258880, 4, 77
3iQlKJaVwZLU1B33b8L8zb, 0.738, 0.814, 7, -4.414, 0, 0.0999, 9.64e-06, 0.126, 0.483, 119.041, 225850, 4, 47
6u0oHknFYrnUd42A6rvFly, 0.818, 0.67, 8, -4.451, 0, 0.0472, 1.22e-06, 0.0601, 0.939, 119.988, 235382, 4, 51
2d8JP84HNLKhmd6IYOoupQ, 0.746, 0.873, 7, -3.803, 1, 0.128, 0, 0.354, 0.817, 148.075, 222093, 4, 75
2XMTqoHHSH0lvuXrvIEdco, 0.683, 0.708, 5, -6.244, 0, 0.0305, 0.155, 0.686, 0.355, 92.991, 237707, 4, 76
3bvjsHQd792zIO4SKFxXKs, 0.485, 0.91, 9, -2.096, 1, 0.0977, 0, 0.138, 0.649, 124.18, 205027, 4, 61
3mkJigBxWd5DJUsRuwHG3f, 0.661, 0.909, 11, -2.323, 0, 0.0494, 0, 0.305, 0.643, 125.021, 158493, 4, 55
7gHs73wELdeycvS48JfIos, 0.589, 0.651, 6, -5.097, 1, 0.0306, 3.2e-06, 0.111, 0.166, 90.011, 212627, 4, 81
0s3nnoMeVWz3989MkNQiRf, 0.511, 0.566, 6, -7.23, 0, 0.2, 0, 0.34, 0.218, 83.903, 239836, 4, 60
32lItqlMi4LBhb4k0BaSaC, 0.67, 0.654, 4, -5.944, 1, 0.153, 1.02e-06, 0.071, 0.438, 180.024, 227533, 4, 85
1BuZAIO8WZpavWVbbq3Lci, 0.713, 0.831, 1, -4.75, 0, 0.15, 0, 0.118, 0.584, 173.948, 332301, 4, 81
7kqcudBGM74MXVoYMaoWkC, 0.845, 0.506, 1, -5.971, 1, 0.0409, 1.03e-06, 0.0879, 0.647, 99.051, 264947, 4, 75
7fa9MBXhVfQ8P8Df9OEbD8, 0.851, 0.541, 0, -6.825, 1, 0.0505, 0, 0.13, 0.448, 124.959, 235545, 4, 84
5WoaF1B5XIEnWfmb5NZikf, 0.674, 0.506, 6, -10.532, 1, 0.0434, 0, 0.0866, 0.183, 145.965, 259333, 4, 78
46lFttIf5hnUZMGvjK0Wxo, 0.506, 0.805, 1, -4.119, 1, 0.0469, 0.00193, 0.0856, 0.383, 126.008, 227074, 4, 76
0QsvXIfqM0zZoerQfsI9lm, 0.542, 0.859, 11, -5.651, 1, 0.197, 0.00466, 0.137, 0.403, 159.797, 208053, 4, 43
5GNjiM8jZCgbqjHklAcT9e, 0.755, 0.682, 0, -4.799, 1, 0.0339, 0, 0.189, 0.498, 122.049, 219040, 4, 70
447yWcDPg1ddgcHBLGpJC0, 0.783, 0.537, 9, -2.921, 1, 0.0749, 0, 0.229, 0.392, 113.977, 222866, 4, 32
26rdOwwjC2UnweK3xeS58u, 0.657, 0.827, 5, -4.036, 1, 0.0734, 0.00534, 0.065, 0.69, 145.889, 190186, 4, 71
2aksifNn5ph8igDOkPBA02, 0.509, 0.637, 4, -4.83, 0, 0.0471, 1.08e-05, 0.0789, 0.378, 172.006, 224000, 3, 74
6G8kHiVZ1jW7vHMPVRNZU0, 0.826, 0.318, 10, -12.391, 1, 0.0574, 0.0131, 0.11, 0.138, 103.002, 245787, 4, 82
13HVjjWUZFaWilh2QUJKsP, 0.546, 0.311, 1, -10.396, 1, 0.0288, 1.65e-05, 0.107, 0.246, 147.464, 260533, 4, 75
5WSdMcWTKRdN1QYVJHJWxz, 0.657, 0.913, 11, -4.984, 1, 0.0528, 0.00149, 0.466, 0.906, 108.036, 254620, 4, 65
4rHZZAmHpZrA3iH5zx8frV, 0.574, 0.512, 5, -6.664, 0, 0.0503, 0, 0.0946, 0.512, 76.899, 484147, 4, 78
67kXYrMTQbS7MVbXyGyxHm, 0.472, 0.265, 6, -10.059, 0, 0.0356, 0.000499, 0.1, 0.204, 111.558, 170680, 4, 72
4QeoDcR16IHpmmgFGQDrCp, 0.72, 0.727, 5, -3.882, 1, 0.0489, 0, 0.138, 0.481, 99.994, 223190, 4, 69
4G8gkOterJn0Ywt6uhqbhp, 0.448, 0.784, 9, -3.686, 1, 0.0627, 0.000108, 0.668, 0.236, 136.245, 186813, 4, 74
3WKz5JDH0St3Smips7NlOM, 0.511, 0.856, 2, -3.763, 1, 0.0505, 0.02, 0.324, 0.62, 154.904, 187467, 4, 59
2dOTkLZFbpNXrhc24CnTFd, 0.602, 0.796, 0, -3.657, 0, 0.103, 0.12, 0.15, 0.265, 126.06, 245053, 4, 66
7ARveOiD31w2Nq0n5FsSf8, 0.622, 0.58, 1, -5.273, 0, 0.0504, 2.95e-05, 0.112, 0.512, 104.41, 221874, 4, 69
6IFwG4pnVPcpwX4kXFUbsV, 0.768, 0.593, 5, -9.643, 0, 0.0463, 0.000184, 0.105, 0.329, 104.954, 224507, 4, 55
7rKKh8AGVXuNXgLBpTBTFH, 0.549, 0.861, 10, -5.737, 1, 0.177, 0.000122, 0.101, 0.354, 189.711, 198107, 4, 65
2fUZ3aMp8amSaV0mp8s6rQ, 0.711, 0.882, 0, -4.276, 1, 0.0576, 0, 0.226, 0.56, 106.017, 167038, 4, 69
4jmKT5RAagCQ5Rk0evYLxH, 0.895, 0.489, 10, -10.291, 0, 0.25, 0.00172, 0.142, 0.245, 83.521, 227727, 4, 55
152lZdxL1OR0ZMW6KquMif, 0.736, 0.449, 1, -11.462, 0, 0.425, 0.000162, 0.0898, 0.326, 80.126, 219080, 4, 85
ERROR 25
3bWAqKDWg6u1davspr5IkS, 0.653, 0.81, 7, -6.032, 0, 0.0558, 0, 0.126, 0.583, 121.951, 189307, 4, 72
1e1JKLEDKP7hEQzJfNAgPl, 0.791, 0.581, 11, -7.323, 0, 0.286, 0, 0.35, 0.438, 162.99, 181812, 4, 78
6B7op3kK1kFQp4Ck1UZtK5, 0.607, 0.718, 4, -4.095, 1, 0.0978, 0, 0.403, 0.551, 101.821, 213307, 4, 39
4rwqrKdwlFWJ6LvPYaOtgn, 0.44, 0.413, 0, -7.365, 0, 0.0407, 3.4e-05, 0.0997, 0.141, 86.911, 258188, 3, 73
2ANLarE8yHVsLWW21nj79M, 0.843, 0.359, 0, -7.417, 1, 0.461, 0, 0.12, 0.156, 81.987, 163944, 4, 75
5YEOzOojehCqxGQCcQiyR4, 0.576, 0.777, 10, -5.035, 0, 0.458, 0, 0.366, 0.259, 145.2, 246761, 4, 76
0q75NwOoFiARAVp4EXU4Bs, 0.795, 0.594, 0, -6.2, 1, 0.0747, 0, 0.162, 0.409, 135.002, 275080, 4, 80
2ZyuwVvV6Z3XJaXIFbspeE, 0.741, 0.626, 1, -4.826, 0, 0.0886, 0, 0.0828, 0.706, 108.029, 188493, 4, 67
4aBYzs8RxZMuqyOanNlf8I, 0.667, 0.871, 0, -4.905, 0, 0.0343, 0.00655, 0.165, 0.187, 128.042, 201560, 4, 67
2bJvI42r8EF3wxjOuDav4r, 0.72, 0.802, 1, -5.797, 1, 0.0582, 0, 0.694, 0.723, 124.043, 229360, 4, 78
6oO10y1h2VyxJQfomG4CtH, 0.558, 0.451, 9, -6.163, 1, 0.0388, 0, 0.101, 0.238, 150.008, 265382, 4, 70
7oGZAicScQt96OAW4AruYy, 0.775, 0.68, 0, -5.508, 0, 0.0629, 0, 0.109, 0.656, 114.025, 207719, 4, 77
6Dwtha2FtZFoMEBh5GR2sq, 0.827, 0.702, 6, -7.264, 1, 0.267, 5.04e-05, 0.158, 0.694, 130.02, 191720, 4, 67
3DXncPQOG4VBw3QHh3S817, 0.609, 0.668, 7, -4.284, 1, 0.0367, 0, 0.167, 0.811, 80.924, 288600, 4, 79
40FLJc17FMZaPmCQEEZgB0, 0.828, 0.689, 7, -7.878, 1, 0.0326, 0.0384, 0.0808, 0.853, 123.931, 216027, 4, 32
5uu28fUesZMl89lf9CLrgN, 0.522, 0.833, 0, -3.715, 1, 0.0575, 0, 0.127, 0.296, 180.009, 193569, 4, 71
1JCCdiru7fhstOIF4N7WJC, 0.572, 0.499, 2, -5.237, 1, 0.0311, 0, 0.213, 0.108, 101.593, 237248, 4, 69
3Q3myFA7q4Op95DOpHplaY, 0.742, 0.599, 8, -6.256, 1, 0.0465, 1.02e-05, 0.126, 0.154, 110.977, 212027, 3, 80
7xrA11O07xo57Bbg6p4hck, 0.63, 0.74, 5, -4.786, 0, 0.0381, 1.53e-06, 0.248, 0.3, 87.01, 193893, 4, 66
2n5gVJ9fzeX2SSWlLQuyS9, 0.874, 0.706, 1, -5.132, 1, 0.207, 0, 0.334, 0.895, 89.968, 216248, 4, 73
1Tt4sE4pXi57mTD1GCzsqm, 0.671, 0.314, 5, -8.091, 0, 0.244, 0, 0.0825, 0.296, 110.898, 191600, 4, 74
4MdQkwmoI9lrUfHGD7wOzy, 0.735, 0.494, 8, -7.607, 0, 0.115, 1.05e-06, 0.108, 0.143, 135.159, 170752, 4, 65
2CWnuF7ht55Ajyeg4WPvWu, 0.665, 0.86, 4, -3.921, 0, 0.0761, 0, 0.281, 0.372, 139.973, 209355, 4, 55
3NLnwwAQbbFKcEcV8hDItk, 0.647, 0.823, 2, -5.231, 1, 0.0762, 0, 0.119, 0.396, 99.933, 230333, 4, 74
2Z8WuEywRWYTKe1NybPQEW, 0.645, 0.713, 6, -5.355, 1, 0.0393, 0, 0.113, 0.566, 74.989, 214507, 4, 83
2DQ1ITjI0YoLFzuADN1ZBW, 0.838, 0.771, 1, -3.791, 1, 0.244, 0, 0.0853, 0.405, 175.957, 245387, 4, 73
4L2K7JKseFCBoHMZEAszW0, 0.435, 0.155, 1, -8.948, 1, 0.046, 0, 0.107, 0.0935, 128.532, 287693, 3, 81
5fyIGoaaKelzdyW8ELhYJZ, 0.564, 0.703, 2, -5.459, 1, 0.269, 0.00927, 0.358, 0.477, 139.045, 237840, 4, 67
7IQwT5VzrCo7UcMRljkkmR, 0.592, 0.681, 0, -5.597, 1, 0.141, 0, 0.142, 0.491, 147.016, 217107, 4, 35
0Fv5N0cHBsl4bzCbollCAS, 0.789, 0.53, 2, -6.2, 1, 0.293, 0, 0.164, 0.367, 75.515, 142907, 4, 71
0prNGof3XqfTvNDxHonvdK, 0.573, 0.739, 0, -5.74, 1, 0.129, 0, 0.111, 0.451, 97.085, 230227, 4, 76
6eUncuJutsFi9BGO1JaBHh, 0.897, 0.634, 4, -6.264, 0, 0.161, 0, 0.0686, 0.506, 112.048, 212014, 4, 67
5UPNBWFU2TEf9kauIITfBs, 0.77, 0.69, 1, -5.565, 1, 0.136, 0, 0.128, 0.732, 103.035, 178507, 4, 64
3ojTJaonfkL96iIWa47SU3, 0.614, 0.598, 10, -6.335, 0, 0.0561, 0, 0.1, 0.565, 105.803, 129478, 4, 64
7KXjTSCq5nL1LoYtL7XAwS, 0.908, 0.621, 1, -6.638, 0, 0.102, 5.39e-05, 0.0958, 0.421, 150.011, 177000, 4, 86
3QWjljChcOMkRDYSzF33Qr, 0.87, 0.502, 5, -7.497, 0, 0.0549, 0.00356, 0.0916, 0.673, 82.53, 160597, 4, 63
4WiiRw2PHMNQE0ad6y6GdD, 0.614, 0.938, 11, -4.461, 1, 0.0611, 0, 0.368, 0.607, 100.058, 224674, 4, 70
5a8RPWgKSmcGBGcffmIrUi, 0.691, 0.716, 7, -5.985, 1, 0.0351, 9.06e-06, 0.263, 0.507, 112.035, 187027, 4, 45
0xMd5bcWTbyXS7wPrBtZA6, 0.559, 0.777, 1, -5.031, 1, 0.0432, 0, 0.105, 0.329, 87.016, 231212, 4, 68
6n72bDAxbWOkWaJnlfQfIZ, 0.563, 0.58, 9, -4.869, 0, 0.0459, 0, 0.085, 0.26, 132.854, 209924, 4, 63
3ge54HUrk1ht3EX5SMhIzZ, 0.471, 0.802, 1, -3.599, 0, 0.27, 1.45e-06, 0.702, 0.653, 88.615, 213507, 4, 35
7e44z4wOjkllaD8eulUeMd, 0.894, 0.667, 10, -6.926, 0, 0.0498, 2.77e-05, 0.114, 0.512, 105.09, 220467, 4, 62
6SwRhMLwNqEi6alNPVG00n, 0.658, 0.535, 9, -8.983, 0, 0.0573, 0, 0.2, 0.419, 110.684, 227360, 4, 76
5YjEZzlruyZPh96bOpSVPH, 0.532, 0.616, 10, -7.074, 0, 0.0328, 0, 0.0928, 0.292, 101.883, 223147, 4, 30
5wUUWVRvrciJqFitZF8R0P, 0.643, 0.541, 2, -5.801, 1, 0.0426, 0, 0.102, 0.165, 119.501, 311197, 4, 69
